model,route,n,accuracy,SAR_comparison_saving,ADC_conversions,SAR_comparisons,SA_near,whole_conversion_skip
resnet,digital_W4A4,1000,0.67,,,,,
resnet,native_ADC,1000,0.67,0.0,622592000,4980736000,0,0
resnet,ordinary_native_ADC,1000,0.665,0.0,622592000,4980736000,0,0
resnet,disturbance_only_20,1000,0.01,0.0,622592000,4980736000,0,0
resnet,disturbance_only_40,1000,0.01,0.0,622592000,4980736000,0,0
resnet,decision_only_20_skip4,1000,0.659,0.3311388999537418,622592000,3331420560,412328860,0
resnet,direct_20_skip4,1000,0.01,0.2920088284141139,622592000,3526317116,363604721,0
resnet,ordinary_20_skip4,1000,0.01,0.2930865896124589,622592000,3520949072,364946732,0
resnet,aware_20_skip4,1000,0.01,0.2934228933233963,622592000,3519274032,365365492,0
resnet,decision_only_20_skip5,1000,0.644,0.4148768726148103,622592000,2914343825,413278435,0
resnet,direct_20_skip5,1000,0.01,0.3667298246684827,622592000,3154151560,365316888,0
resnet,ordinary_20_skip5,1000,0.01,0.3679914143210963,622592000,3147867915,366573617,0
resnet,aware_20_skip5,1000,0.01,0.3683355903625488,622592000,3146153665,366916467,0
resnet,decision_only_20_skip6,1000,0.609,0.49888800490529916,622592000,2495906554,414138241,0
resnet,direct_20_skip6,1000,0.01,0.44103745591013055,622592000,2784044866,366115189,0
resnet,ordinary_20_skip6,1000,0.01,0.4425322145160876,622592000,2776599868,367356022,0
resnet,aware_20_skip6,1000,0.01,0.44289330693295126,622592000,2774801362,367655773,0
resnet,decision_only_40_skip4,1000,0.605,0.40016076017680924,622592000,2987640896,498273776,0
resnet,direct_40_skip4,1000,0.01,0.34064939960680507,622592000,3284051272,424171182,0
resnet,ordinary_40_skip4,1000,0.01,0.3365786686947472,622592000,3304326508,419102373,0
resnet,aware_40_skip4,1000,0.01,0.3413668662623355,622592000,3280477760,425064560,0
resnet,decision_only_40_skip5,1000,0.499,0.5013808531510202,622592000,2483490335,499449133,0
resnet,direct_40_skip5,1000,0.01,0.4252737456873844,622592000,2862559745,423635251,0
resnet,ordinary_40_skip5,1000,0.01,0.42020934355886363,622592000,2887784195,418590361,0
resnet,aware_40_skip5,1000,0.01,0.42613461343865644,622592000,2858271990,424492802,0
resnet,decision_only_40_skip6,1000,0.295,0.6047825437846936,622592000,1968473812,502043698,0
resnet,direct_40_skip6,1000,0.01,0.5173435749254729,622592000,2403984232,429458628,0
resnet,ordinary_40_skip6,1000,0.01,0.5162544274581107,622592000,2409408988,428554502,0
resnet,aware_40_skip6,1000,0.01,0.5186361489546927,622592000,2397546262,430531623,0
deit,digital_W4A4,1000,0.755,,,,,
deit,native_ADC,1000,0.721,0.0,5446656000,43573248000,0,0
deit,ordinary_native_ADC,1000,0.752,0.0,5446656000,43573248000,0,0
deit,disturbance_only_20,1000,0.517,0.0,5446656000,43573248000,0,0
deit,disturbance_only_40,1000,0.309,0.0,5446656000,43573248000,0,0
deit,decision_only_20_skip4,1000,0.722,0.2012397046922001,5446656000,34804580440,2192166890,0
deit,direct_20_skip4,1000,0.487,0.17100398675811357,5446656000,36122048876,1862799781,0
deit,ordinary_20_skip4,1000,0.552,0.1703951659513654,5446656000,36148577176,1856167706,0
deit,aware_20_skip4,1000,0.728,0.16541715531511447,5446656000,36365485268,1801940683,0
deit,decision_only_20_skip5,1000,0.685,0.2512748769612033,5446656000,32624385470,2189772506,0
deit,direct_20_skip5,1000,0.319,0.21276528811898532,5446656000,34302373335,1854174933,0
deit,ordinary_20_skip5,1000,0.387,0.21202963891973348,5446656000,34334427960,1847764008,0
deit,aware_20_skip5,1000,0.715,0.2040894650543379,5446656000,34680407125,1778568175,0
deit,decision_only_20_skip6,1000,0.514,0.30107407210038595,5446656000,30454472790,2186462535,0
deit,direct_20_skip6,1000,0.247,0.2549136445830249,5446656000,32465832546,1851235909,0
deit,ordinary_20_skip6,1000,0.309,0.2539890987699609,5446656000,32506118010,1844521665,0
deit,aware_20_skip6,1000,0.702,0.2439684082306648,5446656000,32942752044,1771749326,0
deit,decision_only_40_skip4,1000,0.582,0.27439567048111724,5446656000,31616937400,2989077650,0
deit,direct_40_skip4,1000,0.104,0.23665950686072335,5446656000,33261224616,2578005846,0
deit,ordinary_40_skip4,1000,0.204,0.2365440978831782,5446656000,33266253360,2576748660,0
deit,aware_40_skip4,1000,0.681,0.23320629795603032,5446656000,33411692144,2540388964,0
deit,decision_only_40_skip5,1000,0.318,0.34143925545784426,5446656000,28695630645,2975523471,0
deit,direct_40_skip5,1000,0.041,0.29388209997565484,5446656000,30767850375,2561079525,0
deit,ordinary_40_skip5,1000,0.064,0.29409195258980925,5446656000,30758706415,2562908317,0
deit,aware_40_skip5,1000,0.652,0.29121037901512414,5446656000,30884265935,2537796413,0
deit,decision_only_40_skip6,1000,0.092,0.40670061832434434,5446656000,25851981096,2953544484,0
deit,direct_40_skip6,1000,0.026,0.35671091381574305,5446656000,28030194888,2590508852,0
deit,ordinary_40_skip6,1000,0.05,0.3567908726932635,5446656000,28026710820,2591089530,0
deit,aware_40_skip6,1000,0.628,0.34802271953653763,5446656000,28408767732,2527413378,0
bn_refresh_finetune,BN_only_native_ADC,1000,0.658,0.0,622592000,4980736000,0,0
bn_refresh_finetune,BN_finetuned_native_ADC,1000,0.649,0.0,622592000,4980736000,0,0
bn_refresh_finetune,BN_only_SA20_skip4,1000,0.64,0.2870705389725534,622592000,3550913432,357455642,0
bn_refresh_finetune,BN_finetuned_SA20_skip4,1000,0.645,0.2728050794099507,622592000,3621965920,339692520,0
bn_refresh_finetune,BN_only_SA40_skip6,1000,0.388,0.5094794709055047,622592000,2443153258,422930457,0
bn_refresh_finetune,BN_finetuned_SA40_skip6,1000,0.517,0.4723234525981702,622592000,2628217576,392086404,0
