job,slot,cm_V,d_mV,baseline,HCAP_P_mV,HCAP_N_mV,HCAP_CM_mV,HCAP_DIFF_mV,HADC_P_mV,HADC_N_mV,HADC_CM_mV,HADC_DIFF_mV
w_r2_held_20,1,0.025,0.0,w_r2_removed_20,6.638888851498797,6.6388993800559,6.638894115777349,-1.0528557102595926e-05,19.6936858252114,19.693416289839096,19.693551057525248,0.0002695353723041194
w_r2_held_20,2,0.025,-24.0,w_r2_removed_20,3.2852299151736997,3.1183053965250993,3.2017676558493995,0.16692451864860036,16.686953021850805,15.896807824434804,16.291880423142803,0.7901451974160008
w_r2_held_20,3,0.025,-16.0,w_r2_removed_20,3.3416020220133973,3.0730692737623992,3.2073356478878985,0.26853274825099804,16.495104027468198,16.0888129202635,16.291958473865847,0.40629110720469797
w_r2_held_20,4,0.025,16.0,w_r2_removed_20,2.9604167055918977,3.454024658404199,3.2072206819980487,-0.4936079528123014,15.977444461615697,16.606285544495496,16.291865003055598,-0.6288410828797986
w_r2_held_20,5,0.025,24.0,w_r2_removed_20,3.1631683213821025,3.240067097072202,3.2016177092271523,-0.07689877569009962,15.9408285948369,16.6416695931835,16.2912490940102,-0.7008409983466013
w_r2_held_20,6,0.2,0.0,w_r2_removed_20,-1.214203363909011,-1.3489412209290175,-1.2815722924190143,0.1347378570200064,10.38191546634798,10.248225869980976,10.315070668164477,0.13368959636700417
w_r2_held_20,7,0.2,-24.0,w_r2_removed_20,0.2304483507629962,-0.6794032161099861,-0.22447743267349496,0.9098515668729823,11.758056719201992,10.978073226821012,11.368064973011503,0.7799834923809801
w_r2_held_20,8,0.2,-16.0,w_r2_removed_20,-0.08461768326001318,-0.353972245925982,-0.21929496459299758,0.2693545626659688,11.571315006999983,11.165298773866017,11.368306890433,0.4060162331339665
w_r2_held_20,9,0.2,16.0,w_r2_removed_20,-0.4654874703119982,0.026760882879006687,-0.21936329371649577,-0.4922483531910049,11.05501832314501,11.681458099180004,11.368238211162506,-0.626439776034994
w_r2_held_20,10,0.2,24.0,w_r2_removed_20,-0.6350066613159955,0.18570994801100915,-0.22464835665249316,-0.8207166093270046,11.021666492754017,11.71323106324701,11.367448778000513,-0.6915645704929929
w_r2_held_20,11,0.6,0.0,w_r2_removed_20,-10.68377799418796,-10.815965797873028,-10.749871896030495,0.13218780368506877,-2.0919566210130247,-2.223325843187962,-2.1576412321004934,0.1313692221749374
w_r2_held_20,12,0.6,-24.0,w_r2_removed_20,-6.860791710775915,-10.094139857808937,-8.477465784292427,3.2333481470330216,0.5096176572770839,-0.23875249896398998,0.13543257915654694,0.7483701562410738
w_r2_held_20,13,0.6,-16.0,w_r2_removed_20,-8.330543494330932,-8.630235426355991,-8.480389460343462,0.29969193202505906,0.3395972892280552,-0.06873005708096791,0.13543361607354365,0.4083273463090231
w_r2_held_20,14,0.6,16.0,w_r2_removed_20,-8.726571801083939,-8.230250942495964,-8.478411371789951,-0.4963208585879748,-0.16611741882399667,0.4372819997580102,0.13558229046700676,-0.6033994185820069
w_r2_held_20,15,0.6,24.0,w_r2_removed_20,-10.054869612942996,-6.900123395175983,-8.47749650405949,-3.1547462177670127,-0.20048375719694533,0.469870415335083,0.13469332906906883,-0.6703541725320283
w_r2_held_20,16,1,0.0,w_r2_removed_20,-20.726055132193054,-20.830787834137055,-20.778421483165054,0.10473270194400186,-12.74433343598802,-12.848307079541987,-12.796320257765004,0.10397364355396732
w_r2_held_20,17,1,-24.0,w_r2_removed_20,-16.65874201144002,-21.520832247512,-19.089787129476008,4.862090236071982,-10.758803164859998,-11.472108230750067,-11.115455697805032,0.7133050658900686
w_r2_held_20,18,1,-16.0,w_r2_removed_20,-18.92521539497194,-19.25686985490005,-19.091042624935994,0.33165445992811016,-10.906705743322975,-11.324862812102987,-11.115784277712981,0.4181570687800118
w_r2_held_20,19,1,16.0,w_r2_removed_20,-19.329333387947955,-18.852256859129945,-19.09079512353895,-0.4770765288180101,-11.39741413334605,-10.834189714596043,-11.115801923971047,-0.5632244187500071
w_r2_held_20,20,1,24.0,w_r2_removed_20,-21.491737975929958,-16.687875765320936,-19.089806870625445,-4.803862210609022,-11.443648618389979,-10.788189867990017,-11.115919243189998,-0.655458750399962
w_r2_held_20,21,1.175,0.0,w_r2_removed_20,-23.255207395999953,-23.342828513859935,-23.299017954929944,0.08762111785998172,-16.71287252550013,-16.79978780104996,-16.756330163275045,0.0869152755498277
w_r2_held_20,22,1.175,-24.0,w_r2_removed_20,-19.690527499980128,-25.50121098293001,-22.59586924145507,5.810683482949884,-15.703320162139933,-16.40580927683,-16.054564719484965,0.7024891146900654
w_r2_held_20,23,1.175,-16.0,w_r2_removed_20,-22.43408295405014,-22.764709312220077,-22.59939613313511,0.3306263581699369,-15.846578332600059,-16.263224867850035,-16.054901600225048,0.41664653524997597
w_r2_held_20,24,1.175,16.0,w_r2_removed_20,-22.83821534295005,-22.36008709776005,-22.59915122035505,-0.47812824518999975,-16.336849842000014,-15.772972826570086,-16.054911334285052,-0.5638770154299273
w_r2_held_20,25,1.175,24.0,w_r2_removed_20,-25.471747614350004,-19.720099461399965,-22.595923537874985,-5.75164815295004,-16.376954510850084,-15.73314061142006,-16.055047561135073,-0.6438138994300235
w_r2_held_40,1,0.025,0.0,w_r2_removed_40,18.2153500133498,18.2153545250576,18.2153522692037,-4.511707800247677e-06,34.8825670858989,34.882218748555694,34.88239291722729,0.00034833734320471876
w_r2_held_40,2,0.025,-44.0,w_r2_removed_40,15.8155972883742,14.181975237153498,14.998786262763849,1.6336220512207014,33.0310596715026,30.410870795185993,31.720965233344295,2.620188876316604
w_r2_held_40,3,0.025,-36.0,w_r2_removed_40,15.698876186683,14.3107690641847,15.00482262543385,1.3881071224982993,32.6862185430042,30.757628408394204,31.721923475699203,1.9285901346099976
w_r2_held_40,4,0.025,36.0,w_r2_removed_40,14.100012591480104,15.908866343584002,15.004439467532052,-1.8088537521038983,30.550407180437805,32.8926287337133,31.721517957075555,-2.342221553275497
w_r2_held_40,5,0.025,44.0,w_r2_removed_40,14.276304502962702,15.720577958605302,14.998441230784003,-1.4442734556426,30.503207986436394,32.9370483936983,31.720128190067346,-2.433840407261904
w_r2_held_40,6,0.2,0.0,w_r2_removed_40,7.169381017288979,6.938517913765985,7.053949465527482,0.230863103522994,21.282471321814988,21.054932776034985,21.168702048924985,0.22753854578000343
w_r2_held_40,7,0.2,-44.0,w_r2_removed_40,9.21776540090502,6.877143626187992,8.047454513546505,2.340621774717027,23.451109474701,20.852214263901992,22.151661869301495,2.5988952107990073
w_r2_held_40,8,0.2,-36.0,w_r2_removed_40,8.748589012388008,7.357900357555014,8.05324468497151,1.390688654832994,23.116416293450015,21.189266708279003,22.15284150086451,1.927149585171012
w_r2_held_40,9,0.2,36.0,w_r2_removed_40,7.149253738196998,8.956525103961999,8.052889421079499,-1.8072713657650015,20.98413276797001,23.320901437535014,22.152517102752512,-2.3367686695650036
w_r2_held_40,10,0.2,44.0,w_r2_removed_40,6.970473086856998,9.123636414094,8.0470547504755,-2.153163327237001,20.94377268695899,23.358070048225017,22.150921367592005,-2.4142973612660263
w_r2_held_40,11,0.6,0.0,w_r2_removed_40,-10.278335875251955,-10.504690721469977,-10.391513298360966,0.2263548462180225,-1.7103375113799446,-1.9336766447829445,-1.8220070780814446,0.22333913340299993
w_r2_held_40,12,0.6,-44.0,w_r2_removed_40,-6.027159986621955,-10.589609629314989,-8.308384807968473,4.562449642693034,1.5775536143040059,-0.9493011362480264,0.31412623902798975,2.5268547505520322
w_r2_held_40,13,0.6,-36.0,w_r2_removed_40,-7.5897343561099895,-9.034847501586007,-8.312290928847998,1.445113145476018,1.2768413140780144,-0.6493701003419394,0.3137356068680375,1.9262114144199538
w_r2_held_40,14,0.6,36.0,w_r2_removed_40,-9.212401385300995,-7.400397537241976,-8.306399461271486,-1.8120038480590184,-0.829523699914958,1.4582523593230645,0.31436432970405326,-2.2877760592380225
w_r2_held_40,15,0.6,44.0,w_r2_removed_40,-10.508188946911968,-6.110826196343955,-8.309507571627961,-4.397362750568013,-0.8694336697679939,1.4947323392450196,0.31264933473851286,-2.3641660090130134
w_r2_held_40,16,1,0.0,w_r2_removed_40,-28.366249636014974,-28.545412836757045,-28.45583123638601,0.17916320074207093,-23.03602953547401,-23.212698425114976,-23.124363980294493,0.17666888964096472
w_r2_held_40,17,1,-44.0,w_r2_removed_40,-23.839952353713944,-29.91738451244497,-26.878668433079454,6.077432158731025,-20.33841962049099,-22.784537465556976,-21.56147854302398,2.446117845065988
w_r2_held_40,18,1,-36.0,w_r2_removed_40,-26.133044132495954,-27.62994865837598,-26.881496395435967,1.4969045258800264,-20.594487365643953,-22.529403243867986,-21.56194530475597,1.9349158782240323
w_r2_held_40,19,1,36.0,w_r2_removed_40,-27.76490684138999,-25.996895037838975,-26.880900939614484,-1.7680118035510155,-22.663576095331983,-20.460391996491968,-21.561984045911977,-2.2031840988400155
w_r2_held_40,20,1,44.0,w_r2_removed_40,-29.85652604518507,-23.90108988558193,-26.8788079653835,-5.955436159603142,-22.72473274862097,-20.399070621326953,-21.56190168497396,-2.3256621272940166
w_r2_held_40,21,1.175,0.0,w_r2_removed_40,-34.488094602900034,-34.637863501919995,-34.562979052410014,0.1497688990199606,-31.73545094155994,-31.88309210050999,-31.809271521034965,0.14764115895005148
w_r2_held_40,22,1.175,-44.0,w_r2_removed_40,-30.424720652830082,-37.39613707797007,-33.91042886540008,6.971416425139985,-29.947406326819916,-32.36917489653002,-31.158290611674968,2.4217685697101032
w_r2_held_40,23,1.175,-36.0,w_r2_removed_40,-33.168535429449975,-34.662561607170076,-33.915548518310025,1.4940261777201016,-30.192968845069945,-32.12461603724015,-31.15879244115505,1.9316471921702068
w_r2_held_40,24,1.175,36.0,w_r2_removed_40,-34.79936750938006,-33.03034524866,-33.91485637902003,-1.7690222607200639,-32.26072666490998,-30.056867031480028,-31.158796848195003,-2.2038596334299534
w_r2_held_40,25,1.175,44.0,w_r2_removed_40,-37.334344633940034,-30.48668771705998,-33.91051617550001,-6.847656916880055,-32.308518964950125,-30.008922197020116,-31.15872058098512,-2.2995967679300087
