target_mV,slot,cm_V,d_mV,detector_subtotal_fJ,input_acquisition_draw_fJ,removed_acquisition_draw_fJ,baseline_adjusted_measured_draw_fJ
20,1,0.025,0.0,56.46149950232889,0.0001732635797146038,0.00025909016834947196,56.461413675740246
20,2,0.025,-24.0,39.69616189053261,0.019146784786691892,0.018916503333340412,39.69639217198596
20,3,0.025,-16.0,56.38755197241097,0.003149640041629605,0.00321488000000436,56.387486732452594
20,4,0.025,16.0,56.217595692296754,0.02109564841381998,0.020770080000005978,56.21792126071057
20,5,0.025,24.0,39.65921272177963,0.007099669497776293,0.007214880000000831,39.6590975112774
20,6,0.2,0.0,52.941343638904605,2.08503236997508,2.015356164996821,53.01101984388286
20,7,0.2,-24.0,37.10081956738084,0.12626778163469313,0.12415674448132138,37.10293060453421
20,8,0.2,-16.0,53.839867439134174,0.038030432917396835,0.0382201072089236,53.83967776484265
20,9,0.2,16.0,53.66653701286324,0.16374029311634758,0.16054748959058177,53.669729816389
20,10,0.2,24.0,37.05525070137381,0.04228345029638993,0.04222010720897921,37.05531404446123
20,11,0.6,0.0,51.180102080966016,16.94950187951322,16.2601605652792,51.86944339520003
20,12,0.6,-24.0,35.341476483626494,0.3988357428984724,0.36408361033463454,35.37622861619033
20,13,0.6,-16.0,52.15682481011513,0.1340619746690824,0.11828226228115919,52.17260452250306
20,14,0.6,16.0,51.98471945578451,0.5111049443832781,0.48093462580764823,52.014889774360135
20,15,0.6,24.0,35.30437213096262,0.1483616937941759,0.12228226228152715,35.33045156247527
20,16,1,0.0,49.859723869922924,36.482243916199195,32.2794316257625,54.06253616035963
20,17,1,-24.0,34.150988851130194,3.64897937332722,0.6052199450024064,37.19474827945501
20,18,1,-16.0,50.88081390126064,3.23178210482157,0.201535601919011,53.911060404163194
20,19,1,16.0,50.71570850065041,3.84851687850436,0.8029841140743981,53.76124126508037
20,20,1,24.0,34.11419051824769,3.2369380075546896,0.20553560192050585,37.14559292388187
20,21,1.175,0.0,49.49252578776076,24.8682959136198,19.08510666880064,55.27571503257991
20,22,1.175,-24.0,33.8946757612608,5.85295031103886,0.7098801178011298,39.03774595449853
20,23,1.175,-16.0,50.601932971474554,5.3639637070821005,0.23557750134766348,55.73031917720899
20,24,1.175,16.0,50.43852531454736,6.087989649485451,0.9434628032015905,55.58305216083122
20,25,1.175,24.0,33.860320010532604,5.3692334267716895,0.2398006867882666,38.989752750516026
40,1,0.025,0.0,60.38755192323396,0.00040856867278167,0.00025909016834947196,60.38770140173838
40,2,0.025,-44.0,44.106108628809686,0.04061863011449912,0.04014499500003338,44.10658226392416
40,3,0.025,-36.0,60.951356950939335,0.001122885737447065,0.00121488000000001,60.95126495667678
40,4,0.025,36.0,60.73300987940408,0.047080426120883874,0.046217279999999375,60.733873025524964
40,5,0.025,44.0,44.07171400217041,0.008706149783666283,0.009214880000002292,44.07120527195407
40,6,0.2,0.0,56.54080117454233,2.064456603291282,1.9989144865809099,56.606343291252706
40,7,0.2,-44.0,41.08632387270776,0.23693016523077826,0.2330207936369184,41.09023324430162
40,8,0.2,-36.0,57.95886492688196,0.03546615668230114,0.03659750846934918,57.957733575094906
40,9,0.2,36.0,57.74175276563443,0.36925768167608425,0.361938978828363,57.74907146848216
40,10,0.2,44.0,41.03485663373263,0.043026713007915045,0.04442310280656797,41.03346024393397
40,11,0.6,0.0,53.052773690258036,16.9008212818869,16.24370443278595,53.709890539358994
40,12,0.6,-44.0,37.62898000082735,0.7849854156278036,0.6734946988383473,37.7404707176168
40,13,0.6,-36.0,54.59247924722208,0.1895034486106545,0.11628226228122279,54.66570043355151
40,14,0.6,36.0,54.37531585471715,1.1912395799323394,1.0811872108992975,54.485368223750186
40,15,0.6,44.0,37.59408969229688,0.21709458712663018,0.1242822622815584,37.68690201714196
40,16,1,0.0,49.91253874302924,39.2306637401558,32.262978777975,56.88022370521003
40,17,1,-44.0,34.67642271287024,6.9947013736849595,1.1146819044745198,40.55644218208068
40,18,1,-36.0,51.5369832631272,6.049585521908391,0.1995356019189896,57.3870331831166
40,19,1,36.0,51.34497178902259,7.70102795087147,1.8078903136470137,57.23810942624704
40,20,1,44.0,34.64140305511753,6.061789403500329,0.20753560191937276,40.49565685669848
40,21,1.175,0.0,48.633696736550206,29.5854859739812,19.06868879218844,59.15049391834297
40,22,1.175,-44.0,33.548528026507526,11.23449620332646,1.3086908526902234,43.474333377143765
40,23,1.175,-36.0,50.41076561733903,10.1275087155952,0.23515188101404189,60.30312245192019
40,24,1.175,36.0,50.21934505016049,12.06605547491624,2.122133128393315,60.163267396683416
40,25,1.175,44.0,33.51500311883231,10.14006876990978,0.24315188101178142,43.41192000773031
