held_50fF,target_mV,cm_V,N,complete_guard_set,pass_count,subtotal_min_fJ,subtotal_max_fJ,stable_max_ps
False,20,0,1,False,1,57.09973305114863,57.09973305114863,760
False,20,0.005,1,False,1,55.76573761715119,55.76573761715119,760
False,20,0.01,3,False,3,55.656701599927736,56.5888467774526,760
False,20,0.012,5,True,5,39.8739222879095,56.65698507875105,760
False,20,0.015,5,True,5,39.801283466982596,56.58375449467124,760
False,20,0.02,5,True,5,39.68209150081529,56.46703776475565,760
False,20,0.022,5,True,5,39.63727902176797,56.4235142430033,760
False,20,0.025,5,True,5,39.56908458882976,56.35347384642698,760
False,20,0.03,5,True,5,39.46080225740584,56.24362380633173,760
False,20,0.04,5,True,5,39.24629502969789,56.033557012905334,760
False,20,0.05,5,True,5,39.04609202945076,55.8355049740569,760
False,20,0.1,5,True,5,38.20024596532762,54.99923908636805,760
False,20,0.15,5,True,5,37.552850373257236,54.365221665059146,760
False,20,0.2,5,True,5,37.04039520320263,53.86678024753791,760
False,20,0.25,5,True,5,36.61886334691751,53.460391377659434,760
False,20,0.3,5,True,5,36.263126491713116,53.118735525776685,760
False,20,0.35,5,True,5,35.959553560042295,52.82786423600686,760
False,20,0.4,5,True,5,35.70495202125318,52.58729393106411,760
False,20,0.45,5,True,5,35.50878972733249,52.40064090123359,760
False,20,0.5,5,True,5,35.37045757285487,52.27273198857462,760
False,20,0.55,5,True,5,35.293185783638535,52.20152507850664,760
False,20,0.6,5,True,5,35.27309525356326,52.18309713448309,760
False,20,0.65,5,True,5,35.27102098649048,52.1750986242671,760
False,20,0.7,5,True,5,35.22123814884433,52.106459317598635,760
False,20,0.75,5,True,5,35.14892415769165,52.01262019869427,760
False,20,0.8,5,True,5,35.004466369919385,51.856217619982836,760
False,20,0.85,5,True,5,34.78723274726373,51.63298097005863,760
False,20,0.9,5,True,5,34.52401642309928,51.366170403545325,760
False,20,0.95,5,True,5,34.25489847911087,51.09759689336318,760
False,20,1.0,5,True,5,34.01490841250307,50.8569867724404,760
False,20,1.05,5,True,5,33.84014693362194,50.68072388223781,760
False,20,1.1,5,True,5,33.773950690088476,50.60826501619119,760
False,20,1.15,5,True,5,33.78859938024556,50.61090883755714,760
False,20,1.16,5,True,5,33.800407130245624,50.613551692983755,760
False,20,1.17,5,True,5,33.799024125255094,50.615487174749894,760
False,20,1.175,5,True,5,33.80104251250887,50.618478008048605,760
False,20,1.178,5,True,5,33.802779197045766,50.618093604280745,760
False,20,1.18,5,True,5,33.80262598301173,50.61888017653882,760
False,20,1.185,5,True,5,33.806093316333204,50.6191666011864,760
False,20,1.188,5,True,5,33.80768215172732,50.61945701793725,760
False,20,1.19,3,False,3,49.469960118419635,50.49954657372515,760
False,20,1.195,1,False,1,49.508931690027076,49.508931690027076,760
False,20,1.2,1,False,1,49.50504597388219,49.50504597388219,760
False,40,0,1,False,1,61.22041712073365,61.22041712073365,760
False,40,0.005,1,False,1,59.94341187944035,59.94341187944035,760
False,40,0.01,1,False,1,59.83363963404888,59.83363963404888,760
False,40,0.012,1,False,1,59.78825949331934,59.78825949331934,760
False,40,0.015,1,False,1,59.722269827619265,59.722269827619265,760
False,40,0.02,3,False,3,59.61238121263524,61.25787829094585,760
False,40,0.022,5,True,5,44.18964006179112,61.30884700830039,760
False,40,0.025,5,True,5,44.117671272381145,61.23501606208191,760
False,40,0.03,5,True,5,44.00085609741307,61.11241090640831,760
False,40,0.04,5,True,5,43.76945192116657,60.87971179676409,760
False,40,0.05,5,True,5,43.54955791809437,60.65608496627264,760
False,40,0.1,5,True,5,42.57454361063602,59.67330012472453,760
False,40,0.15,5,True,5,41.76043199301747,58.86274681287117,760
False,40,0.2,5,True,5,41.05823212027329,58.173445718758515,760
False,40,0.25,5,True,5,40.433533804769844,57.56410013565856,760
False,40,0.3,5,True,5,39.86691974462716,57.01182720333685,760
False,40,0.35,5,True,5,39.34614977247,56.50564773607763,760
False,40,0.4,5,True,5,38.87596218878349,56.04740148598028,760
False,40,0.45,5,True,5,38.44816742180318,55.63997878699393,760
False,40,0.5,5,True,5,38.073965223363786,55.28499978677425,760
False,40,0.55,5,True,5,37.75636926431267,54.95805940007734,760
False,40,0.6,5,True,5,37.48998976977856,54.72151363232368,760
False,40,0.65,5,True,5,37.2171833140251,54.43584181679751,760
False,40,0.7,5,True,5,36.91780170073106,54.135086535153654,760
False,40,0.75,5,True,5,36.60077157794795,53.80497190435277,760
False,40,0.8,5,True,5,36.225055211982294,53.41923606456671,760
False,40,0.85,5,True,5,35.78191738264264,52.96932416761715,760
False,40,0.9,5,True,5,35.28905157391845,52.47630133315376,760
False,40,0.95,5,True,5,34.79103864845009,51.97743696607837,760
False,40,1.0,5,True,5,34.31482306781435,51.502221085441256,760
False,40,1.05,5,True,5,33.89215125697923,51.081234459438406,760
False,40,1.1,5,True,5,33.559997507993366,50.750822782822574,760
False,40,1.15,5,True,5,33.30451654598094,50.49548988519018,760
False,40,1.16,5,True,5,33.25842232655956,50.44851345936826,760
False,40,1.17,5,True,5,33.21288169463416,50.401121295276084,760
False,40,1.175,5,True,5,33.18772763981008,50.37770964185701,760
False,40,1.178,5,True,5,33.17421031872481,50.31723858357601,760
False,40,1.18,3,False,3,48.38071395832799,50.25072135778678,760
False,40,1.185,1,False,1,48.39258704549478,48.39258704549478,760
False,40,1.188,1,False,1,48.377388001963624,48.377388001963624,760
False,40,1.19,1,False,1,48.36676470075134,48.36676470075134,760
False,40,1.195,1,False,1,48.33991405560013,48.33991405560013,760
False,40,1.2,1,False,1,48.31415552377785,48.31415552377785,760
True,20,0,1,False,1,57.06636017920942,57.06636017920942,760
True,20,0.005,1,False,1,55.81597388471215,55.81597388471215,760
True,20,0.01,3,False,3,55.703991137926536,56.606523810120976,760
True,20,0.012,5,True,5,39.974194020062576,56.70027465427743,760
True,20,0.015,5,True,5,39.898398024167285,56.625448017842956,760
True,20,0.02,5,True,5,39.7764498985564,56.50507113424677,760
True,20,0.022,5,True,5,39.727220405169774,56.45843644596245,760
True,20,0.025,5,True,5,39.6565250722031,56.38687929310443,760
True,20,0.03,5,True,5,39.546977743572974,56.27389296235908,760
True,20,0.04,5,True,5,39.32391408784184,56.06003042683556,760
True,20,0.05,5,True,5,39.11721582242005,55.85630143337643,760
True,20,0.1,5,True,5,38.24472282128738,54.996974400664165,760
True,20,0.15,5,True,5,37.57794499511313,54.34630341452406,760
True,20,0.2,5,True,5,37.056739878560165,53.83997266013943,760
True,20,0.25,5,True,5,36.63113738996586,53.43009945591726,760
True,20,0.3,5,True,5,36.27448976222599,53.08755943973218,760
True,20,0.35,5,True,5,35.97182617379267,52.79741417438685,760
True,20,0.4,5,True,5,35.71840792973249,52.55662513064567,760
True,20,0.45,5,True,5,35.52385355368415,52.369341279625736,760
True,20,0.5,5,True,5,35.388948469296494,52.24256872742828,760
True,20,0.55,5,True,5,35.316831184503414,52.17313444839866,760
True,20,0.6,5,True,5,35.30289981703599,52.15692690773706,760
True,20,0.65,5,True,5,35.33334305695945,52.17422251556353,760
True,20,0.7,5,True,5,35.30161368997312,52.11629447249507,760
True,20,0.75,5,True,5,35.23594443751031,52.02362762064823,760
True,20,0.8,5,True,5,35.094347234999674,51.8675884115922,760
True,20,0.85,5,True,5,34.88482716088259,51.65002933176079,760
True,20,0.9,5,True,5,34.62857947192423,51.39085590446968,760
True,20,0.95,5,True,5,34.36162060545368,51.12254937089528,760
True,20,1.0,5,True,5,34.11667984562272,50.87968394971998,760
True,20,1.05,5,True,5,33.926297549417875,50.68886215806608,760
True,20,1.1,5,True,5,33.83608047348106,50.59356002037611,760
True,20,1.15,5,True,5,33.84272674264848,50.58934230309078,760
True,20,1.16,5,True,5,33.85559582848217,50.59435336851915,760
True,20,1.17,5,True,5,33.85665134485489,50.5982538346133,760
True,20,1.175,5,True,5,33.86028381894607,50.602318778671155,760
True,20,1.178,5,True,5,33.86224735763081,50.60318231218216,760
True,20,1.18,5,True,5,33.86270522372142,50.604559405646754,760
True,20,1.185,5,True,5,33.867971408858125,50.60649593363651,760
True,20,1.188,5,True,5,33.87005585996186,50.60761883397689,760
True,20,1.19,3,False,3,49.486817722186245,50.46764130696672,760
True,20,1.195,1,False,1,49.52659361550051,49.52659361550051,760
True,20,1.2,1,False,1,49.523762682276434,49.523762682276434,760
True,40,0,1,False,1,60.97773082073318,60.97773082073318,760
True,40,0.005,1,False,1,59.78068251334539,59.78068251334539,760
True,40,0.01,1,False,1,59.67289827840387,59.67289827840387,760
True,40,0.012,1,False,1,59.627774693499035,59.627774693499035,760
True,40,0.015,1,False,1,59.56285166019744,59.56285166019744,760
True,40,0.02,3,False,3,59.4552553788622,60.911016059287704,760
True,40,0.022,5,True,5,44.14274587968494,61.02317170475769,760
True,40,0.025,5,True,5,44.070380834025976,60.951727681958204,760
True,40,0.03,5,True,5,43.9532725952286,60.831450743660604,760
True,40,0.04,5,True,5,43.72309345486191,60.605687634935755,760
True,40,0.05,5,True,5,43.50424899384499,60.38824372660524,760
True,40,0.1,5,True,5,42.535805105786004,59.43012091359391,760
True,40,0.15,5,True,5,41.72788911750532,58.6368457535959,760
True,40,0.2,5,True,5,41.03466951535216,57.95905535237872,760
True,40,0.25,5,True,5,40.42063891537963,57.361823388057886,760
True,40,0.3,5,True,5,39.866650357394775,56.82182275380253,760
True,40,0.35,5,True,5,39.35963277134795,56.32828646419326,760
True,40,0.4,5,True,5,38.89986122277153,55.880342583173366,760
True,40,0.45,5,True,5,38.49129179248518,55.48287355834568,760
True,40,0.5,5,True,5,38.134435413049594,55.135472823287294,760
True,40,0.55,5,True,5,37.83731416329736,54.76226412275941,760
True,40,0.6,5,True,5,37.593885401906256,54.59197020008852,760
True,40,0.65,5,True,5,37.37528657652129,54.35541952103776,760
True,40,0.7,5,True,5,37.11394431909856,54.06631986898849,760
True,40,0.75,5,True,5,36.82347983942084,53.74568680418423,760
True,40,0.8,5,True,5,36.47179608684274,53.37349398813283,760
True,40,0.85,5,True,5,36.05501285003167,52.94450597823928,760
True,40,0.9,5,True,5,35.586044137059474,52.47656027739721,760
True,40,0.95,5,True,5,35.10699675436669,51.99831713390276,760
True,40,1.0,5,True,5,34.64243364629001,51.535836347293824,760
True,40,1.05,5,True,5,34.219944386362734,51.11640171823967,760
True,40,1.1,5,True,5,33.87695579323998,50.773556716501716,760
True,40,1.15,5,True,5,33.622948456930985,50.51809301565154,760
True,40,1.16,5,True,5,33.57926018351305,50.474160427145165,760
True,40,1.17,5,True,5,33.53685856372169,50.43085489532845,760
True,40,1.175,5,True,5,33.513609424216796,50.4096973594452,760
True,40,1.178,5,True,5,33.50243879491804,50.30648634719438,760
True,40,1.18,3,False,3,48.58885870347957,50.239541118116165,760
True,40,1.185,1,False,1,48.601626449648315,48.601626449648315,760
True,40,1.188,1,False,1,48.58834288423724,48.58834288423724,760
True,40,1.19,1,False,1,48.5783398360973,48.5783398360973,760
True,40,1.195,1,False,1,48.553649621149745,48.553649621149745,760
True,40,1.2,1,False,1,48.529399240885645,48.529399240885645,760
